happy,happy hits,<iframe src="https://open.spotify.com/embed/playlist/37i9dQZF1DXdPec7aLTmlC?utm_source=generator" width="100%" height="380" frameBorder="0" allowfullscreen="" allow="autoplay; clipboard-write; encrypted-media; fullscreen; picture-in-picture"></iframe>
happy,sunny day ,<iframe src="https://open.spotify.com/embed/playlist/37i9dQZF1DX1BzILRveYHb?utm_source=generator" width="100%" height="380" frameBorder="0" allowfullscreen="" allow="autoplay; clipboard-write; encrypted-media; fullscreen; picture-in-picture"></iframe>
happy,happy songs ,<iframe src="https://open.spotify.com/embed/playlist/0RH319xCjeU8VyTSqCF6M4?utm_source=generator" width="100%" height="380" frameBorder="0" allowfullscreen="" allow="autoplay; clipboard-write; encrypted-media; fullscreen; picture-in-picture"></iframe>
happy,happy morning/feelgood,<iframe src="https://open.spotify.com/embed/playlist/6M5QoiSaeIq4ZbZYlWJhbF?utm_source=generator" width="100%" height="380" frameBorder="0" allowfullscreen="" allow="autoplay; clipboard-write; encrypted-media; fullscreen; picture-in-picture"></iframe>
happy,happy songs everyone knows,<iframe src="https://open.spotify.com/embed/playlist/0RH319xCjeU8VyTSqCF6M4?utm_source=generator" width="100%" height="380" frameBorder="0" allowfullscreen="" allow="autoplay; clipboard-write; encrypted-media; fullscreen; picture-in-picture"></iframe>
happy,happy mood,<iframe src="https://open.spotify.com/embed/playlist/3Hs562oYeOsTcNmiUSj0f8?utm_source=generator" width="100%" height="380" frameBorder="0" allowfullscreen="" allow="autoplay; clipboard-write; encrypted-media; fullscreen; picture-in-picture"></iframe>
happy,wake up happy,<iframe src="https://open.spotify.com/embed/playlist/37i9dQZF1DX0UrRvztWcAU?utm_source=generator" width="100%" height="380" frameBorder="0" allowfullscreen="" allow="autoplay; clipboard-write; encrypted-media; fullscreen; picture-in-picture"></iframe>
mellow,mellow beats,<iframe src="https://open.spotify.com/embed/playlist/37i9dQZF1DX3qCx5yEZkcJ?utm_source=generator" width="100%" height="380" frameBorder="0" allowfullscreen="" allow="autoplay; clipboard-write; encrypted-media; fullscreen; picture-in-picture"></iframe>
mellow,mellow mood,<iframe src="https://open.spotify.com/embed/playlist/37i9dQZF1DX2n5hpuulC75?utm_source=generator" width="100%" height="380" frameBorder="0" allowfullscreen="" allow="autoplay; clipboard-write; encrypted-media; fullscreen; picture-in-picture"></iframe>
mellow,mellow bars,<iframe src="https://open.spotify.com/embed/playlist/37i9dQZF1DWT6MhXz0jw61?utm_source=generator" width="100%" height="380" frameBorder="0" allowfullscreen="" allow="autoplay; clipboard-write; encrypted-media; fullscreen; picture-in-picture"></iframe>
mellow,mellow morning,<iframe src="https://open.spotify.com/embed/playlist/37i9dQZF1DWWzVPEmatsUB?utm_source=generator" width="100%" height="380" frameBorder="0" allowfullscreen="" allow="autoplay; clipboard-write; encrypted-media; fullscreen; picture-in-picture"></iframe>
Energetic ,energy booster ,<iframe src="https://open.spotify.com/embed/playlist/37i9dQZF1DWZixSclZdoFE?utm_source=generator" width="100%" height="380" frameBorder="0" allowfullscreen="" allow="autoplay; clipboard-write; encrypted-media; fullscreen; picture-in-picture"></iframe>
Energetic ,energy booster rock,<iframe src="https://open.spotify.com/embed/playlist/37i9dQZF1DWZVAVMhIe3pV?utm_source=generator" width="100%" height="380" frameBorder="0" allowfullscreen="" allow="autoplay; clipboard-write; encrypted-media; fullscreen; picture-in-picture"></iframe>
Energetic ,energy booster country,<iframe src="https://open.spotify.com/embed/playlist/37i9dQZF1DWXLSRKeL7KwM?utm_source=generator" width="100%" height="380" frameBorder="0" allowfullscreen="" allow="autoplay; clipboard-write; encrypted-media; fullscreen; picture-in-picture"></iframe>
Energetic ,good energy ,<iframe src="https://open.spotify.com/embed/playlist/37i9dQZF1DWURugcFfOfEH?utm_source=generator" width="100%" height="380" frameBorder="0" allowfullscreen="" allow="autoplay; clipboard-write; encrypted-media; fullscreen; picture-in-picture"></iframe>
relaxing ,relaxed vibes,<iframe src="https://open.spotify.com/embed/playlist/4vQ0ixS6GKuNV0xMmjfk9j?utm_source=generator" width="100%" height="380" frameBorder="0" allowfullscreen="" allow="autoplay; clipboard-write; encrypted-media; fullscreen; picture-in-picture"></iframe>
relaxing ,chillout lounge,<iframe src="https://open.spotify.com/embed/playlist/37i9dQZF1DWTvNyxOwkztu?utm_source=generator" width="100%" height="380" frameBorder="0" allowfullscreen="" allow="autoplay; clipboard-write; encrypted-media; fullscreen; picture-in-picture"></iframe>
relaxing ,relaxed pop,<iframe src="https://open.spotify.com/embed/playlist/3WJq4tQd50FdVHFnPPGsRU?utm_source=generator" width="100%" height="380" frameBorder="0" allowfullscreen="" allow="autoplay; clipboard-write; encrypted-media; fullscreen; picture-in-picture"></iframe>
relaxing ,relaxed morning,<iframe src="https://open.spotify.com/embed/playlist/4kZRTD7ZzcoSqGpgnNaNlP?utm_source=generator" width="100%" height="380" frameBorder="0" allowfullscreen="" allow="autoplay; clipboard-write; encrypted-media; fullscreen; picture-in-picture"></iframe>
